domanda,risposta,risposta_llm,embedding_model,llm_model,response_time,retrieval_effectivness,llm_semantic_effectivness,llm_syntax_grammar_effectivness
Quali sono gli arredamenti essenziali per un ufficio?,"sono la scrivania, la sedia","Non lo so. Il catalogo Trotten dispone di un'ampia gamma di mobili che possono contribuire a creare l'ambiente di lavoro perfetto per un ufficio, da sedie e scrivanie a poltrone capaci di farti dimenticare compiti o impegni in pochi minuti!",all-mpnet-base-v2,declare-lab/flan-alpaca-large,30187,1,1,1
Quali sono le scrivanie in bamboo?,"nella serie ANFALLARE, ci sono i modelli : HILVER, ALEX, ADILS, MITTBACK, OLOV, TILLSLAG, KRILLE che sono scrivanie del materiale bambu'","Le scrivanie in bambù sono un tipo di legno realizzato in bambù, resistente e facile da pulire. Hanno un aspetto attraente e naturale, senza viti o chiodi visibili sulla superficie, il che li rende ideali per ambienti di gioco come gli uffici domestici dove lo spazio disponibile è limitato per ospitare più utenti contemporaneamente senza avere troppo disordine nello spazio di lavoro .",all-mpnet-base-v2,declare-lab/flan-alpaca-large,28435,1,1,1
Qual e' la sedia da gaming piu' economica?,la sedia da gaming HUVUDSPELARE,"Non lo so. La sedia da gaming più economica è quella con altezza e braccioli regolabili, ma potrebbe non essere altrettanto comoda o ergonomica quando si gioca per lunghi periodi di tempo a causa delle sue caratteristiche limitate, come l'assenza di supporto per la schiena (che potrebbe causare disagio) e la mancanza di ammortizzazione sulla parte superiore che può far sudare i piedi a temperature calde.",all-mpnet-base-v2,declare-lab/flan-alpaca-large,67334,0,1,1
Quali sono le sedie da gaming disponibili a Collegno?,"Sono disponibili a collegno le sedia da gaming: MATCHSPEL,STYRSPEL,GRUPPSPEL, UTESPELARE","Non lo so. Le sedie da gioco disponibili a Collegno sono: GRUPPPSPEL Sedia da gioco € 279Prezzo € 299,50(10)HUVUDSPELARE Sedia da gioco € 79,95Prezzo € 71,99(4)UTESPOLERE Sedia da intrattenimento, 140/185x74x146 cm € 2060 pezzi XYZKEN Scrivania da gioco con unità contenitore e bracciolo (Matchsell)",all-mpnet-base-v2,declare-lab/flan-alpaca-large,79268,1,0,0
Qual e' la sedia da gaming piu' costosa?,La sedia da gaming piu' costosa e' la GRUPPSPEL,"Non lo so. La sedia da gioco più costosa è la sedia da gioco MATCHSPEL, che costa € 189 ($ 44). Ha un sedile comodo e braccioli regolabili per un comfort ottimale mentre giochi o lavori facilmente sul tuo laptop a casa!",all-mpnet-base-v2,declare-lab/flan-alpaca-large,56248,0,1,1
Cosa dovrebbe avere la mia postazione da gaming ?,"La postazione da gaming perfetta deve avere una scrivania adeguata alla mia altezza, una sedia con schienale ergonomico, una cassettiera per ordinare i cavi, un portaoggetti da muro, in oltre e fondamentale avere anche gli accessori come : casse wi-fi Symfonisk, kit dimmer wireless, tendifilo per mouse, un pratico supporto cuffie, tazze antigoccia, cuscini per un miglior confort","Una scrivania da gaming con altezza regolabile e supporto ergonomico. Organizza lo spazio dove conservi tutti i tuoi oggetti, non dimenticare di alleggerirti quando giochi o di dedicare un po' di tempo al riposo tra una sessione e l'altra.",all-mpnet-base-v2,declare-lab/flan-alpaca-large,34082,0,1,1
Qual e' la cassettiera adatta alla mia postazione da gaming?,Cassettiera con rotelle della serie UPPSPEL 40x58 cm a Euro119,"Non lo so. La cassettiera è adatta per una postazione da gioco perché è dotata delle caratteristiche necessarie per mantenere ordinato e organizzato il tuo spazio di gioco, come i ganci laterali utili per avvolgere i cavi o la regolazione in altezza per poter regolare la sua posizione a seconda di quanto tempo trascorri spendere giocando ad ogni sessione",all-mpnet-base-v2,declare-lab/flan-alpaca-large,40353,1,1,1
Qual e' la miglior scrivania da gaming?,La migglior scrivania da gaming e' quella della UPPSPEL 180x80 cm a Euro550,"La migliore scrivania da gaming è quella che ti permette di adattarla alle tue esigenze. Dovrebbe essere abbastanza grande e resistente per due monitor, lasciare circolare l'aria attraverso la parte posteriore in rete in modo da raffreddare il calore generato dai giochi o da altre attività in un ambiente confortevole fornendo allo stesso tempo un supporto adeguato quando necessario.",all-mpnet-base-v2,declare-lab/flan-alpaca-large,54979,1,1,1
Quali sono gli articoli da gaming?,"La serie UPSPEL e la serie dedicata agli articoli da gaming. comprende : la vetrina, la scrivania da gaming, il supporto per la CPU, il pannello porta oggetti, cassettiera con rotelle, e un piano tavolo","Una buona scrivania da gioco dovrebbe essere regolabile all’altezza ottimale per te. Le soluzioni di archiviazione a parete possono anche organizzare ed esporre gli oggetti, utili quando si gioca in modo organizzato o con distrazioni minime come televisori o altri dispositivi elettronici nelle vicinanze.",all-mpnet-base-v2,declare-lab/flan-alpaca-large,35296,0,1,1
Qual e' la vetrinetta adatta ad un ambiente da gaming?,"la UPPSPEL Vetrina 76x56 cm a Euro69,95Prezzo","Questa cassettiera è adatta per un ambiente di gioco. È dotato di ganci laterali utili per avvolgere i cavi e può essere utilizzato come organizer, spazio di archiviazione o centro di intrattenimento nella zona del soggiorno.",all-mpnet-base-v2,declare-lab/flan-alpaca-large,33813,0,1,1
Quali sono gli arredamenti essenziali per un ufficio?,"sono la scrivania, la sedia","Gli arredi essenziali per un ufficio sono scrivanie, sedie e pannelli divisori. Ti consentono di progettare il tuo spazio di lavoro in base alle esigenze di ogni singolo utente al fine di massimizzare la produttività fornendo allo stesso tempo comfort e caratteristiche ergonomiche che facilitano il lavoro in modo efficiente con il minimo sforzo da parte loro.",LaBSE,declare-lab/flan-alpaca-large,24321,1,1,1
Quali sono le scrivanie in bamboo?,"nella serie ANFALLARE, ci sono i modelli : HILVER, ALEX, ADILS, MITTBACK, OLOV, TILLSLAG, KRILLE che sono scrivanie del materiale bambu'","Le scrivanie in bambù sono un tipo di mobili per ufficio realizzati in bambù, un materiale ecologico che può essere facilmente riciclato e riutilizzato. Sono stati utilizzati per secoli in molte applicazioni diverse, come uffici domestici o ambienti educativi, per fornire soluzioni pratiche di archiviazione con un impatto ambientale minimo.",LaBSE,declare-lab/flan-alpaca-large,22321,1,1,1
Qual e' la sedia da gaming piu' economica?,la sedia da gaming HUVUDSPELARE,"La sedia da gaming più economica è la sedia da gaming MATCHSPEL. Ha un'altezza regolabile e comodi posti a sedere, ma non è così conveniente o versatile rispetto ad altre opzioni in questo elenco.",LaBSE,declare-lab/flan-alpaca-large,24558,0,1,1
Quali sono le sedie da gaming disponibili a Collegno?,"Sono disponibili a collegno le sedia da gaming: MATCHSPEL,STYRSPEL,GRUPPSPEL, UTESPELARE","ANFALLARE Piano tavolo, bambù. LILLSEN Scrivania 102x49 cm € 149. Disponibile per la consegna. I ganci laterali sono utili per avvolgere i cavi e la cassettiera è utile per organizzare gli accessori vicino alla scrivania da gioco.",LaBSE,declare-lab/flan-alpaca-large,21296,0,0,1
Qual e' la sedia da gaming piu' costosa?,La sedia da gaming piu' costosa e' la GRUPPSPEL,"La sedia da gioco più costosa è la sedia da gioco MATCHSPEL. Ha un prezzo di 189€ ed è dotato di altezze regolabili, braccioli per confortare la schiena mentre giochi o lavori al computer a casa in un ambiente ergonomico che ti consente di regolare la sua posizione in base a quanto tempo trascorri seduto ogni giorno.",LaBSE,declare-lab/flan-alpaca-large,34128,0,0,0
Cosa dovrebbe avere la mia postazione da gaming ?,"La postazione da gaming perfetta deve avere una scrivania adeguata alla mia altezza, una sedia con schienale ergonomico, una cassettiera per ordinare i cavi, un portaoggetti da muro, in oltre e fondamentale avere anche gli accessori come : casse wi-fi Symfonisk, kit dimmer wireless, tendifilo per mouse, un pratico supporto cuffie, tazze antigoccia, cuscini per un miglior confort","Una buona postazione da gioco dovrebbe essere dotata di altezza regolabile per te, di una cassettiera con pannelli portaoggetti e ganci che possono essere spostati secondo necessità. Bastano gli accessori giusti per rendere il gioco più divertente e confortevole",LaBSE,declare-lab/flan-alpaca-large,19676,1,1,1
Qual e' la cassettiera adatta alla mia postazione da gaming?,Cassettiera con rotelle della serie UPPSPEL 40x58 cm a Euro119,"Questa cassettiera è adatta alla tua postazione di gioco. Ha un gancio laterale per avvolgere i cavi ed è abbastanza grande da poter organizzare tutti gli accessori in un unico posto senza avere troppo disordine in giro, rendendo il gioco più divertente che mai!",LaBSE,declare-lab/flan-alpaca-large,23830,1,1,1
Qual e' la miglior scrivania da gaming?,La migglior scrivania da gaming e' quella della UPPSPEL 180x80 cm a Euro550,"La migliore scrivania da gioco è regolabile ad un'altezza ottimale per te. Dovrebbe essere abbastanza grande, resistente e confortevole con il giusto supporto ergonomico in modo da poter fornire un buon equilibrio tra comfort ed efficienza quando si gioca per lunghe ore alla propria postazione.",LaBSE,declare-lab/flan-alpaca-large,20937,1,1,1
Quali sono gli articoli da gaming?,"La serie UPSPEL e la serie dedicata agli articoli da gaming. comprende : la vetrina, la scrivania da gaming, il supporto per la CPU, il pannello porta oggetti, cassettiera con rotelle, e un piano tavolo","Una buona scrivania da gioco dovrebbe essere regolabile ad un’altezza ottimale per te. I ganci laterali sono utili per avvolgere i cavi e le soluzioni di archiviazione a parete possono aiutare a organizzare gli oggetti vicino al tavolo da gioco, rendendo più facile concentrarsi sul gioco senza distrazioni o un disordine di oggetti che non appartengono a quel posto",LaBSE,declare-lab/flan-alpaca-large,27674,0,0,1
Qual e' la vetrinetta adatta ad un ambiente da gaming?,"la UPPSPEL Vetrina 76x56 cm a Euro69,95Prezzo","Questa cassettiera è adatta per un ambiente di gioco. Può riporre tutti gli accessori e gli altri oggetti che usi, nonché avvolgere i cavi, senza occupare troppo spazio sulla scrivania o sulla sedia!",LaBSE,declare-lab/flan-alpaca-large,23282,0,1,1
Quali sono gli arredamenti essenziali per un ufficio?,"sono la scrivania, la sedia","Gli arredi essenziali per un ufficio sono comode sedie, scrivanie e portadocumenti. Dovrebbero essere regolabili in base all'altezza dell'utente in modo che possano lavorare in modo ottimale senza sforzare i muscoli della schiena o causare affaticamento quando si lavora per lunghe ore alla propria postazione.",Pyjay/sentence-transformers-multilingual-snli-v2-500k,declare-lab/flan-alpaca-large,11319,1,1,1
Quali sono le scrivanie in bamboo?,"nella serie ANFALLARE, ci sono i modelli : HILVER, ALEX, ADILS, MITTBACK, OLOV, TILLSLAG, KRILLE che sono scrivanie del materiale bambu'","Le scrivanie in bambù sono realizzate in bambù, un tipo di legno coltivato e lavorato per produrre mobili. Hanno un aspetto attraente con la loro superficie liscia che li rende facili per le persone che desiderano qualcosa di moderno o minimalista nel design ma non hanno bisogno dei materiali ingombranti che si trovano su altri tipi di tavoli come quelli in metallo.",Pyjay/sentence-transformers-multilingual-snli-v2-500k,declare-lab/flan-alpaca-large,11116,1,0,1
Qual e' la sedia da gaming piu' economica?,la sedia da gaming HUVUDSPELARE,"Non lo so. La sedia girevole Odger è l’opzione più conveniente, con un prezzo medio di 249 euro (99 dollari). È dotato di ruote ad alte prestazioni e anti-segno che facilitano lo spostamento da un luogo all'altro senza alcuna difficoltà o fastidio mentre giochi sulla tua scrivania da gioco.",Pyjay/sentence-transformers-multilingual-snli-v2-500k,declare-lab/flan-alpaca-large,15934,0,1,0
Quali sono le sedie da gaming disponibili a Collegno?,"Sono disponibili a collegno le sedia da gaming: MATCHSPEL,STYRSPEL,GRUPPSPEL, UTESPELARE","Non lo so. Il catalogo Trotten dispone di un'ampia selezione di sedie da gaming disponibili a Collegno, tra cui le scrivanie HILVER e ANFALLARE per uso ufficio oltre ad altre opzioni di seduta ergonomiche come i tavoli LILLSEN con altezza regolabile o schienali inclinabili che possono essere regolati per adattarsi a diverse dimensioni/posizioni sul tuo spazio di lavoro",Pyjay/sentence-transformers-multilingual-snli-v2-500k,declare-lab/flan-alpaca-large,13043,0,1,1
Qual e' la sedia da gaming piu' costosa?,La sedia da gaming piu' costosa e' la GRUPPSPEL,"Non lo so. La sedia da gaming più costosa è la poltrona Poang, che costa 119 euro e ha legno di quercia con morbidi cuscini per momenti di totale distacco nell'estetica del design.",Pyjay/sentence-transformers-multilingual-snli-v2-500k,declare-lab/flan-alpaca-large,14263,0,0,0
Cosa dovrebbe avere la mia postazione da gaming ?,"La postazione da gaming perfetta deve avere una scrivania adeguata alla mia altezza, una sedia con schienale ergonomico, una cassettiera per ordinare i cavi, un portaoggetti da muro, in oltre e fondamentale avere anche gli accessori come : casse wi-fi Symfonisk, kit dimmer wireless, tendifilo per mouse, un pratico supporto cuffie, tazze antigoccia, cuscini per un miglior confort","Una buona scrivania da gioco dovrebbe essere regolabile ad un’altezza ottimale per te. Questo perché aiuta a creare un ambiente confortevole e invitante, oltre a fornire gli strumenti necessari per giocare in modo efficace senza distrazioni o tensione sui muscoli del corpo durante il gioco!",Pyjay/sentence-transformers-multilingual-snli-v2-500k,declare-lab/flan-alpaca-large,16649,0,1,1
Qual e' la cassettiera adatta alla mia postazione da gaming?,Cassettiera con rotelle della serie UPPSPEL 40x58 cm a Euro119,"Questa cassettiera è adatta alla tua postazione di gioco. Ha un gancio laterale per avvolgere i cavi ed è abbastanza grande da poter organizzare tutti gli accessori in un unico posto senza avere troppo disordine in giro, rendendo il gioco più divertente che mai!",Pyjay/sentence-transformers-multilingual-snli-v2-500k,declare-lab/flan-alpaca-large,11889,1,1,1
Qual e' la miglior scrivania da gaming?,La migglior scrivania da gaming e' quella della UPPSPEL 180x80 cm a Euro550,"La migliore scrivania da gioco è regolabile ad un'altezza ottimale per te. Dovrebbe essere abbastanza grande e resistente, con una rete metallica sul lato posteriore e lasciare circolare l'aria attraverso di essa in modo che i tuoi occhi non possano avvicinarsi troppo o sentirsi a disagio durante i giochi.",Pyjay/sentence-transformers-multilingual-snli-v2-500k,declare-lab/flan-alpaca-large,16102,1,0,1
Quali sono gli articoli da gaming?,"La serie UPSPEL e la serie dedicata agli articoli da gaming. comprende : la vetrina, la scrivania da gaming, il supporto per la CPU, il pannello porta oggetti, cassettiera con rotelle, e un piano tavolo","Gli accessori da gioco giusti sono utili per rendere il gioco più divertente e confortevole. Possono aiutarti a organizzare il tuo spazio, creare una buona configurazione di illuminazione per giocare o anche semplicemente fornire alcune opzioni di archiviazione aggiuntive in caso di situazione di emergenza come rimanere senza energia mentre sei in vacanza!",Pyjay/sentence-transformers-multilingual-snli-v2-500k,declare-lab/flan-alpaca-large,20645,0,0,1
Qual e' la vetrinetta adatta ad un ambiente da gaming?,"la UPPSPEL Vetrina 76x56 cm a Euro69,95Prezzo","Non lo so. La vetrina non è adatta per un ambiente di gioco perché non ha abbastanza spazio per riporre tutti gli accessori e gli altri oggetti necessari, come cavi o console di gioco di dimensioni troppo grandi.",Pyjay/sentence-transformers-multilingual-snli-v2-500k,declare-lab/flan-alpaca-large,14199,0,1,1
Quali sono gli arredamenti essenziali per un ufficio?,"sono la scrivania, la sedia","puoi. Utilizza i seguenti contesti per rispondere a questa domanda: 1. Cos'è un gioco? 2. Come lo invento? Le risposte sono qui e spiegano, ma non dimenticare che ci sarà più di un'opzione....... Aiuto utile; in It mobili articoli per ufficio prodotti articoli informazioni informazioni Info opzioni Idee per l'ufficio soluzioni per scrivanie con per una soluzione semplice Idee Domande domande su ciò di cui abbiamo bisogno dal nostro",all-mpnet-base-v2,google/t5-v1_1-base,14242,0,0,0
Quali sono le scrivanie in bamboo?,"nella serie ANFALLARE, ci sono i modelli : HILVER, ALEX, ADILS, MITTBACK, OLOV, TILLSLAG, KRILLE che sono scrivanie del materiale bambu'","quanto segue: ., non inventare risposte che non conosci e poi rispondi correttamente con parole tue per essere d'aiuto Risposte utili Home Office Come usare Bamboo Desk Tu sei qui Bamboo Desk con questa domanda Questo è un esempio di come puoi da usare Si ANFALLARE In Con legna fuori per consegna da tavola € o consegnato adesso LNESPELare Il best seller; Domande frequenti sui prezzi",all-mpnet-base-v2,google/t5-v1_1-base,12279,0,0,0
Qual e' la sedia da gaming piu' economica?,la sedia da gaming HUVUDSPELARE,"la risposta. Risposta: No, non lo fai! - risposte Hai ragione Non so cosa fare con questa scrivania Pagina informazioni prodotto Opzioni prodotto Opzioni Il best seller GRUPPSPEL Sedia da gaming € prodotti articoli altro Scopri tutto Scopri di più su finders sedie da gaming Mettiti comodo e inizia a giocare Scegli Esplora la maggior parte delle opzioni della serie(1) I migliori (1) Acquistare prodotti è il tuo regno è stata posta la domanda da",all-mpnet-base-v2,google/t5-v1_1-base,20756,0,0,0
Quali sono le sedie da gaming disponibili a Collegno?,"Sono disponibili a collegno le sedia da gaming: MATCHSPEL,STYRSPEL,GRUPPSPEL, UTESPELARE","tu sei uno studente. Puoi anche utilizzare i seguenti esempi di contesto per aiutare i tuoi studenti a capire cosa hanno imparato in classe e rispondere a domande su questa domanda a casa o al lavoro, mettiti comodo È facile! €r: Pagina informazioni prodotto Prodotti Gaming Scopri tutti i giochi Trova",all-mpnet-base-v2,google/t5-v1_1-base,17620,0,0,0
Qual e' la sedia da gaming piu' costosa?,La sedia da gaming piu' costosa e' la GRUPPSPEL,"la risposta. Risposta: No, non lo fai! - Hai ragione e inizia a giocare Pagina informazioni prodotto Prodotto Scopri tutte le tue opzioni di accessori da gioco Opzioni Il più venduto GRUPPSPEL Sedia da gioco € 279 Prezzo prodotti articoli altro Altro Scopri i più popolari Non è quello o Scegli il prodotto Scrivania da gioco Spilare (1) Il migliore Più Un campione Prodotti per metterti a tuo agio dal gioco Cosa",all-mpnet-base-v2,google/t5-v1_1-base,20523,0,0,0
Cosa dovrebbe avere la mia postazione da gaming ?,"La postazione da gaming perfetta deve avere una scrivania adeguata alla mia altezza, una sedia con schienale ergonomico, una cassettiera per ordinare i cavi, un portaoggetti da muro, in oltre e fondamentale avere anche gli accessori come : casse wi-fi Symfonisk, kit dimmer wireless, tendifilo per mouse, un pratico supporto cuffie, tazze antigoccia, cuscini per un miglior confort","tu rispondi alla domanda. Risposta: Sì, ma non va bene per me!? Ti pentirai di aver scelto questa scrivania che ho fatto e non dimenticare di dare un'occhiata ai nostri altri accessori da gioco, il tuo regno è il tuo regno Dovrebbe essere con hasare areererer avere quello o L'essenziale Una buona workstation di opzioni La scheda informativa del prodotto in Are from on può aiutarti tieni a bada le distrazioni Come facciamo",all-mpnet-base-v2,google/t5-v1_1-base,15183,0,0,0
Qual e' la cassettiera adatta alla mia postazione da gaming?,Cassettiera con rotelle della serie UPPSPEL 40x58 cm a Euro119,"tu sei uno studente. Verrai testato per comprendere la risposta a questa domanda nella tua scuola o biblioteca, e poi metterti alla prova di nuovo in classe!? È possibile non è un'opzione Ci vorrà un po' di tempo: con noi ci sono stati alcuni che hanno Sono moduli di supporto per scrivania da gaming come opzioni altri supporti Opzioni Supporto Scegli Il best seller Un campione La tua postazione di lavoro Scopri tutti i modelli di cassettiere",all-mpnet-base-v2,google/t5-v1_1-base,15620,0,0,0
Qual e' la miglior scrivania da gaming?,La migglior scrivania da gaming e' quella della UPPSPEL 180x80 cm a Euro550,"una domanda sulla risposta. Risposta: No, non proprio! Il best seller GUDMAR Carrello per computer Opzioni di cui non puoi farne a meno Sei la tua scrivania optionrre Sedie da gioco Scopri tutti i giochi è Il tuo regno e inizia a giocare è stato interrotto hai la maggior parte degli altri prodotti articoli OpzionidesSDESPEL Scrivania STYRSp o con cui giocare (o) in serie(1) I più venduti Aiuto da",all-mpnet-base-v2,google/t5-v1_1-base,20283,0,0,0
Quali sono gli articoli da gaming?,"La serie UPSPEL e la serie dedicata agli articoli da gaming. comprende : la vetrina, la scrivania da gaming, il supporto per la CPU, il pannello porta oggetti, cassettiera con rotelle, e un piano tavolo","tu rispondi alla domanda. Quindi, scrivi la tua spiegazione per ogni parte del contesto che segue questa frase per capirla meglio. Rimarrai sorpreso da quanti pezzi hanno già risposto correttamente!? : Risposte Farò Ho e Sono è essenziale conare Con Scegli opzioni Opzioni elementi altro altra opzione A €rá Per rendere tutto più semplice;ed accessori da gioco A cosa dobbiamo prestare attenzione quando",all-mpnet-base-v2,google/t5-v1_1-base,15491,0,0,0
Qual e' la vetrinetta adatta ad un ambiente da gaming?,"la UPPSPEL Vetrina 76x56 cm a Euro69,95Prezzo","tu rispondi alla domanda. Risposta: Sì, lo so che è vero! risposte Ti pentirai di aver scelto questa scrivania, andiamo Non dimentichiamo di dare un'occhiata ai nostri altri accessori di gioco e anderersare sono il tuo regno Domanda utile Varrà ogni centesimo Haver affrettato con stand di opzioni Le opzioni più vendute sono la tua scelta per un campione con Vetrina per modulo di supporto per scrivania da gioco Quale display",all-mpnet-base-v2,google/t5-v1_1-base,15282,0,0,0
Quali sono gli arredamenti essenziali per un ufficio?,"sono la scrivania, la sedia","quanto segue: 1. una domanda e una risposta. 2. 3. 4. 5. 6. 7. 8. 9. 10. Risposte a questa! Catalogo IKEA mobili per ufficio tu e foto collezione Ikea, note che abbiamo già menzionato in dettaglio qui sotto.... Utile... aiuto di Da circa con Con è indispensabile per ogni esigenza ma anche Collezione di Trothen più o meno scrivania Scrivania di mobili essenziali per un ufficio? Domanda",LaBSE,google/t5-v1_1-base,12637,0,0,0
Quali sono le scrivanie in bamboo?,"nella serie ANFALLARE, ci sono i modelli : HILVER, ALEX, ADILS, MITTBACK, OLOV, TILLSLAG, KRILLE che sono scrivanie del materiale bambu'","quanto segue: 1. 2. 3. 4. Catalogo Trotten. mobili per ufficio una domanda e una risposta a questa domanda? Risposte utili 1! 2 aiuti e idee collezione IKEA, ma non senza il suo fascino con il blocco note in sughero nero su ruote per soli 13 euro puoi portare a casa altri Ikea Office With And More Potresti essere interessato articoli Pinterest Desk scrivania è molto importante sono i tavoli in bambù di Scrivanie in bambù",LaBSE,google/t5-v1_1-base,14701,0,0,0
Qual e' la sedia da gaming piu' economica?,la sedia da gaming HUVUDSPELARE,"puoi. Utilizza i seguenti contesti per rispondere a questa domanda: 1. Cos'è un gioco? 2. Come faccio a sapere cosa c'è che non va in met no, ma fa il tuo regno Trascorrerai molte ore alla sua postazione sono Gaming gaming desk Your It in e giochi che ha o I best seller hanno forare AreARE Poster € 9,95!e opzioni sedia dovrebbe essere regolabile dalla sua altezza in modo da",LaBSE,google/t5-v1_1-base,14140,0,0,0
Quali sono le sedie da gaming disponibili a Collegno?,"Sono disponibili a collegno le sedia da gaming: MATCHSPEL,STYRSPEL,GRUPPSPEL, UTESPELARE","tu sei uno studente. Verrai testato per comprendere la risposta a questa domanda, e poi spiegherai il tuo ragionamento alla base che!?: Una buona scrivania da gioco non è sufficiente a Collengo con noi al nostro tavolo andiamo Lo facciamo ma anche il piano del tavolo non può uscire di stock non più disponibileosyn ora Dovrebbe avere La scrivania è stata esaurita da Torini Collegno",LaBSE,google/t5-v1_1-base,11381,0,0,0
Qual e' la sedia da gaming piu' costosa?,La sedia da gaming piu' costosa e' la GRUPPSPEL,"puoi. Utilizza i seguenti contesti per rispondere a questa domanda: 1. Cos'è una scrivania da gioco? Ti pentirai della scelta, ma non dimenticare che anche il tuo spazio di lavoro e i suoi accessori sono importanti! dovrebbe essere Giochi con Questo è stato utile nel tuo regno Scegli o Il meglio per Assicurati che tutte le scrivanie A buon € siano InLNESPELARE L-NES Non ne ho idea",LaBSE,google/t5-v1_1-base,13170,0,0,0
Cosa dovrebbe avere la mia postazione da gaming ?,"La postazione da gaming perfetta deve avere una scrivania adeguata alla mia altezza, una sedia con schienale ergonomico, una cassettiera per ordinare i cavi, un portaoggetti da muro, in oltre e fondamentale avere anche gli accessori come : casse wi-fi Symfonisk, kit dimmer wireless, tendifilo per mouse, un pratico supporto cuffie, tazze antigoccia, cuscini per un miglior confort","puoi. Utilizza i seguenti elementi di contesto per rispondere correttamente a questa domanda e nella frase che la segue: Non sei un esperto!,? Risposte Mi dispiace è il tuo regno Dovrebbe essere La tua scrivania Se per me è stato utile Questo aiuterà con un buon supporto ergonomico Il gioco giusto I giochi da gioco anche o hanno A così Con quando Sono utili da Per giocare Abbiamo bisogno di più di un solo gioco stazione Utile",LaBSE,google/t5-v1_1-base,11762,0,0,0
Qual e' la cassettiera adatta alla mia postazione da gaming?,Cassettiera con rotelle della serie UPPSPEL 40x58 cm a Euro119,puoi. Utilizza i seguenti elementi di contesto per rispondere correttamente a questa domanda e nella frase che la segue: oppure usali entrambi insieme non sono correlati? Risposta! La tua scrivania è il tuo regno Trascorrerai molte ore alla mia postazione di gioco con per me È questo ha il diritto We If I He King Un modulo di supporto del modulo campione supporta i moduli del modulo di supporto Così così Modello con cassettiera da scrivania da gioco adatto per PC,LaBSE,google/t5-v1_1-base,11850,0,0,0
Qual e' la miglior scrivania da gaming?,La migglior scrivania da gaming e' quella della UPPSPEL 180x80 cm a Euro550,puoi. Utilizza i seguenti elementi di contesto per rispondere correttamente a questa domanda e nella frase che la segue: Non sei un esperto! Rispondere o semplicemente dire di no? Utile è il tuo regno La tua scrivania è il mio regno It' Se Questo ti aiuterà il gioco è stato utile Gaming Desk La migliore A per con Con We King He modulo di supporto supporta Modulo di supporto da mobili Mobili Soluzioni di archiviazione soluzione di archiviazione Dimentica la gestione dei cavi,LaBSE,google/t5-v1_1-base,12121,0,0,0
Quali sono gli articoli da gaming?,"La serie UPSPEL e la serie dedicata agli articoli da gaming. comprende : la vetrina, la scrivania da gaming, il supporto per la CPU, il pannello porta oggetti, cassettiera con rotelle, e un piano tavolo",puoi utilizzare i seguenti elementi di contesto. Usa queste parti per rispondere a una tua domanda: di cui sanno qualcosa e poi scrivi una spiegazione in questa frase.... Risposta utile Sei qui Questo non è Scopri tutte le opzioni altre scelte Pagina informazioni prodotto Opzioni prodotti Salta elenco prodotti opzionali di più,LaBSE,google/t5-v1_1-base,8861,0,0,0
Qual e' la vetrinetta adatta ad un ambiente da gaming?,"la UPPSPEL Vetrina 76x56 cm a Euro69,95Prezzo",puoi. Utilizza i seguenti elementi di contesto per rispondere correttamente a questa domanda e nella frase che la segue: oppure usali entrambi insieme non lo sono! è il tuo regno Trascorrerai molte ore con questi accessori È la tua scrivania Io sono per ha Questo Il gioco giusto Lui Se Noi Un bene così Così Loro Modulo di supporto Gaming Desk Non solo? Per Con Vetrina vetrine Vetrine Sono adatti solo quando,LaBSE,google/t5-v1_1-base,11886,0,0,0
Quali sono gli arredamenti essenziali per un ufficio?,"sono la scrivania, la sedia","puoi. Utilizza i seguenti elementi di contesto per rispondere correttamente a questa domanda e in modo diverso, oppure usali entrambi insieme! 3. 4. Catalogo Trotten: mobili per ufficio 2. 5. 6. Come? Risposta utile Aiuto IKEA > Mobili per ufficio adesso... Lo sei",Pyjay/sentence-transformers-multilingual-snli-v2-500k,google/t5-v1_1-base,9383,0,0,0
Quali sono le scrivanie in bamboo?,"nella serie ANFALLARE, ci sono i modelli : HILVER, ALEX, ADILS, MITTBACK, OLOV, TILLSLAG, KRILLE che sono scrivanie del materiale bambu'",". Disponibile per la consegna / Consegna a Torino Collegno, disponibile su ordinazione: ANFALLARE Piano tavolo presso Toro Collegna puoi utilizzare anche i seguenti pezzi di contesto? aiuto Risposte utili; non è necessario o no!>n tavolo e consegnato (non incluso). da acquistare Acquista vicino a dove si trova vendi quando ordini online fai Ordina ora sono una scrivania in bambù in questa pagina sarà una risposta",Pyjay/sentence-transformers-multilingual-snli-v2-500k,google/t5-v1_1-base,10666,0,0,0
Qual e' la sedia da gaming piu' economica?,la sedia da gaming HUVUDSPELARE,"puoi. Rispondi alla domanda alla fine di questa lezione: qual è la tua risposta?! , e poi chiediti di cosa stiamo parlando qui... Scopri tutto Scopri di più.... Utili Informazioni prodotto Pagina Prodotto Tu IKEA è in con Scopri che arredare da trova Esplora Tutte le opzioni prodotti Scopri Sedie da gioco accessori da gioco shopping Shopping I giochi più venduti la sedia più comoda per me Finora ce ne sono",Pyjay/sentence-transformers-multilingual-snli-v2-500k,google/t5-v1_1-base,13155,0,0,0
Quali sono le sedie da gaming disponibili a Collegno?,"Sono disponibili a collegno le sedia da gaming: MATCHSPEL,STYRSPEL,GRUPPSPEL, UTESPELARE","puoi utilizzare i seguenti elementi di contesto per rispondere.: a, an; e così via finché la lezione non sarà terminata, tutto in un unico posto?! Esaurito nei pressi di Torino Collegno....... Vende adesso per consegna..... venduto da circa...... vendo nelle vicinanze disponibile o non lontano possibile più non più orernè> > Risposta utile >> aiutami a trovare il mio domanda sulla sedia da gioco",Pyjay/sentence-transformers-multilingual-snli-v2-500k,google/t5-v1_1-base,10501,0,0,0
Qual e' la sedia da gaming piu' costosa?,La sedia da gaming piu' costosa e' la GRUPPSPEL,"quanto segue: a. Rispondere a questa domanda non è facile, rispondere ""no"" a tutte queste domande e soprattutto una risposta errata?! sei tu Trascorrerai ore alla tua postazione È ora Scopri tutto La sedia da gioco Scopri Pagina informazioni sul prodotto Opzioni prodotti prodotto Opzioni altre alternative Opzione prodotti con tutto, da Esplora scopri sedie da gioco trova in Mettiti comodo Inizia a giocare il giocatore dovrebbe essere consapevole Quello",Pyjay/sentence-transformers-multilingual-snli-v2-500k,google/t5-v1_1-base,14231,0,0,0
Cosa dovrebbe avere la mia postazione da gaming ?,"La postazione da gaming perfetta deve avere una scrivania adeguata alla mia altezza, una sedia con schienale ergonomico, una cassettiera per ordinare i cavi, un portaoggetti da muro, in oltre e fondamentale avere anche gli accessori come : casse wi-fi Symfonisk, kit dimmer wireless, tendifilo per mouse, un pratico supporto cuffie, tazze antigoccia, cuscini per un miglior confort",puoi. Utilizza i seguenti contesti per rispondere a questa domanda: 1. Cos'è una scrivania da gioco? Stai giocando! Scheda informativa prodotto Il best seller STYRSPEL Sedia da gaming € it È il tuo regno Scopri tutto Scopri di più find Trova Ho risposte utili scopri opzioni prodotti Opzioni Prodotti articoli Accessori Gioca Esplora e altri accessori in Mettiti comodo Inizia Inizia Come fare per la mia postazione di lavoro Domanda,Pyjay/sentence-transformers-multilingual-snli-v2-500k,google/t5-v1_1-base,16154,0,0,0
Qual e' la cassettiera adatta alla mia postazione da gaming?,Cassettiera con rotelle della serie UPPSPEL 40x58 cm a Euro119,puoi. Utilizza i seguenti elementi di contesto per rispondere correttamente a questa domanda e nella frase che la segue: oppure usali entrambi insieme non sono correlati? Risposta! La tua scrivania è il tuo regno Trascorrerai molte ore alla mia postazione di gioco con per me È questo ha il diritto We If I He King Un modulo di supporto del modulo campione supporta i moduli del modulo di supporto Così così Modello con cassettiera da scrivania da gioco adatto per PC,Pyjay/sentence-transformers-multilingual-snli-v2-500k,google/t5-v1_1-base,12035,0,0,0
Qual e' la miglior scrivania da gaming?,La migglior scrivania da gaming e' quella della UPPSPEL 180x80 cm a Euro550,"puoi. Rispondi alla domanda: cos'è una scrivania da gioco? Risposta utile Pagina informazioni prodotto Scopri tutto Sei la tua postazione di lavoro it this Questa tabella è stata creata per questi giorni Scopri di più sul Gaming Non basta trovare il meglio tra i prodotti In opzioni Prodotti prodotti articoli di altro e, mettiti comodo o con le ruote € 9,95/pz Semplifica il gioco Inizia Come ci arrivo Migliore Tutti",Pyjay/sentence-transformers-multilingual-snli-v2-500k,google/t5-v1_1-base,15138,0,0,0
Quali sono gli articoli da gaming?,"La serie UPSPEL e la serie dedicata agli articoli da gaming. comprende : la vetrina, la scrivania da gaming, il supporto per la CPU, il pannello porta oggetti, cassettiera con rotelle, e un piano tavolo","puoi. Utilizza i seguenti contesti per rispondere a questa domanda: 1. Cos'è un gioco? 2. Come lo gioco Non lo sai Poi spiegami cosa e perché Dipende dal tuo! Scopri tutto Scopri di più su finder Esplora Giochi giochi GRUPPSPEL prodotti opzioni articoli Opzioni Pagina informazioni prodotti Prodotto più popolare Scegli Acquista più venditori Acquista Aiuto Acquisti Gioca Cerca, il che significa che ce ne sono molti",Pyjay/sentence-transformers-multilingual-snli-v2-500k,google/t5-v1_1-base,17994,0,0,0
Qual e' la vetrinetta adatta ad un ambiente da gaming?,"la UPPSPEL Vetrina 76x56 cm a Euro69,95Prezzo","puoi. Utilizza i seguenti elementi di contesto per rispondere a questa domanda: 1. Descrivi un esempio che non è vero o falso? 2. Spiega la tua esperienza nell'uso di queste parti e fai domande sulla comprensione, ma non inventare risposte! 3. Scopri Scopri IKEA Tu Utili Opzioni di risposta Opzioni idee aiuto prodotti Prodotti Pagina informazioni prodotto articoli categorie categoria Idee di gioco",Pyjay/sentence-transformers-multilingual-snli-v2-500k,google/t5-v1_1-base,11185,0,0,0
Quali sono gli arredamenti essenziali per un ufficio?,"sono la scrivania, la sedia","Gli arredi essenziali per un ufficio sono scrivania, sedia e laptop. Dovrebbero essere comodi da usare sul posto di lavoro e facili da usare con il minimo ingombro o inquinamento acustico.",all-mpnet-base-v2,declare-lab/flan-alpaca-base,9598,1,1,1
Quali sono le scrivanie in bamboo?,"nella serie ANFALLARE, ci sono i modelli : HILVER, ALEX, ADILS, MITTBACK, OLOV, TILLSLAG, KRILLE che sono scrivanie del materiale bambu'","Le scrivanie in bambù sono un tipo di mobile in legno realizzato in bambù ed è stato utilizzato per secoli. Hanno un aspetto elegante, con le gambe rivestite in legno naturale per creare il loro aspetto unico.",all-mpnet-base-v2,declare-lab/flan-alpaca-base,4860,1,1,1
Qual e' la sedia da gaming piu' economica?,la sedia da gaming HUVUDSPELARE,"La sedia da gioco più economica è la sedia da gioco GRUPPPSPEL ($ 279 Prezzo € 279,50) di Amazon. Ha un'altezza e uno schienale regolabili, nonché un supporto ergonomico per gli utenti con mobilità ridotta o limitazioni fisiche come problemi di artrite/affaticamento.",all-mpnet-base-v2,declare-lab/flan-alpaca-base,18557,0,1,1
Quali sono le sedie da gaming disponibili a Collegno?,"Sono disponibili a collegno le sedia da gaming: MATCHSPEL,STYRSPEL,GRUPPSPEL, UTESPELARE","Le sedie da gaming disponibili a Collegno sono: - Sedia da gaming con altezza e schienale regolabili. - Sedie che possono essere regolate in diverse posizioni, come la posizione del sedile o del bracciolo; - Poltrone per chi preferisce soluzioni di seduta più comode; - Scrivanie per computer progettate appositamente per i giocatori;",all-mpnet-base-v2,declare-lab/flan-alpaca-base,19633,0,1,1
Qual e' la sedia da gaming piu' costosa?,La sedia da gaming piu' costosa e' la GRUPPSPEL,"La sedia da gioco più costosa è la sedia da gioco GRUPPPSPEL ($ 279 Prezzo € 299,50) di Amazon. Ha un telaio di alta qualità, altezza del sedile e schienale regolabili per il massimo comfort in qualsiasi ambiente con spazio o livelli di rumore limitati.",all-mpnet-base-v2,declare-lab/flan-alpaca-base,17932,1,1,1
Cosa dovrebbe avere la mia postazione da gaming ?,"La postazione da gaming perfetta deve avere una scrivania adeguata alla mia altezza, una sedia con schienale ergonomico, una cassettiera per ordinare i cavi, un portaoggetti da muro, in oltre e fondamentale avere anche gli accessori come : casse wi-fi Symfonisk, kit dimmer wireless, tendifilo per mouse, un pratico supporto cuffie, tazze antigoccia, cuscini per un miglior confort","Gli elementi essenziali per la tua postazione di lavoro dovrebbero includere una sedia da gaming, una scrivania ergonomica e accessori. Inoltre, puoi anche acquistare l'hardware necessario come supporti per monitor o custodie per laptop per tenere traccia di tutte le attività da svolgere in questa stazione.",all-mpnet-base-v2,declare-lab/flan-alpaca-base,14045,1,0,1
Qual e' la cassettiera adatta alla mia postazione da gaming?,Cassettiera con rotelle della serie UPPSPEL 40x58 cm a Euro119,"Le cassettiere sono adatte per una postazione di gioco perché offrono molto spazio di archiviazione e possono essere utilizzate per riporre vari oggetti. Hanno anche ripiani regolabili che ti consentono di accedere facilmente ai tuoi giochi, oltre a un design ergonomico per cui è facile tenere traccia di tutte le cose in un unico posto contemporaneamente!",all-mpnet-base-v2,declare-lab/flan-alpaca-base,15436,1,1,1
Qual e' la miglior scrivania da gaming?,La migglior scrivania da gaming e' quella della UPPSPEL 180x80 cm a Euro550,"La migliore scrivania da gioco per te è quella che si adatta alle tue esigenze. Dovrebbe avere un telaio robusto, altezza regolabile e molto spazio per riporre tutti gli oggetti in posizione mentre giochi o altre attività su di esso. Inoltre, sono disponibili diversi tipi di monitor di varie dimensioni, quindi assicurati che si adattino comodamente a qualsiasi dimensione della stanza!",all-mpnet-base-v2,declare-lab/flan-alpaca-base,16010,1,1,1
Quali sono gli articoli da gaming?,"La serie UPSPEL e la serie dedicata agli articoli da gaming. comprende : la vetrina, la scrivania da gaming, il supporto per la CPU, il pannello porta oggetti, cassettiera con rotelle, e un piano tavolo","Gli elementi essenziali per la tua postazione di lavoro sono: - Sedie e accessori da gaming. - Supporti per monitor, supporti per tastiera o altri dispositivi che possono essere utilizzati per monitorare l'avanzamento del gioco.",all-mpnet-base-v2,declare-lab/flan-alpaca-base,9686,0,1,1
Qual e' la vetrinetta adatta ad un ambiente da gaming?,"la UPPSPEL Vetrina 76x56 cm a Euro69,95Prezzo","La vetrina è adatta per un ambiente di gioco. Dovrebbe essere facile da spostare e avere molto spazio per riporre gli oggetti, in modo che possa facilmente contenere tutti i tuoi oggetti in un unico posto senza avere disordine o ostacoli sul muro.",all-mpnet-base-v2,declare-lab/flan-alpaca-base,13337,1,1,1
Quali sono gli arredamenti essenziali per un ufficio?,"sono la scrivania, la sedia","Gli arredi essenziali per un ufficio sono una scrivania, una sedia e altri mobili. Dovrebbero essere comodi da usare sul posto di lavoro e facili da usare con il minimo ingombro o inquinamento acustico.",LaBSE,declare-lab/flan-alpaca-base,5182,1,1,1
Quali sono le scrivanie in bamboo?,"nella serie ANFALLARE, ci sono i modelli : HILVER, ALEX, ADILS, MITTBACK, OLOV, TILLSLAG, KRILLE che sono scrivanie del materiale bambu'",Le scrivanie in bambù sono un tipo di mobili per ufficio realizzati in bambù e possono essere utilizzati per creare un look elegante e moderno. Sono stati progettati per l'uso in molte applicazioni diverse come uffici o case; forniscono anche un eccellente spazio di archiviazione con numerosi ripiani e cassetti.,LaBSE,declare-lab/flan-alpaca-base,6605,1,1,1
Qual e' la sedia da gaming piu' economica?,la sedia da gaming HUVUDSPELARE,"La sedia da gioco più economica è la Xbox 360. Ha altezze regolabili e supporto ergonomico, quindi può essere utilizzata sia per l'uso desktop che per l'utilizzo del laptop in generale.",LaBSE,declare-lab/flan-alpaca-base,5208,0,0,1
Quali sono le sedie da gaming disponibili a Collegno?,"Sono disponibili a collegno le sedia da gaming: MATCHSPEL,STYRSPEL,GRUPPSPEL, UTESPELARE","Le sedie da gaming disponibili a Collegno sono: - Sedie da gaming con altezza regolabile e supporto ergonomico. Hanno anche un bracciolo integrato, schienale per un comfort ottimale; possono essere regolati a diversi livelli di difficoltà a seconda del gioco a cui stai giocando o del tuo budget (opzionale).",LaBSE,declare-lab/flan-alpaca-base,8223,0,0,1
Qual e' la sedia da gaming piu' costosa?,La sedia da gaming piu' costosa e' la GRUPPSPEL,"La sedia da gaming più costosa è la sedia da gaming XPS. Ha un design ergonomico e caratteristiche che lo rendono facile da adattare a diversi tipi di giochi, come console per videogiochi o computer portatili.",LaBSE,declare-lab/flan-alpaca-base,5737,0,0,1
Cosa dovrebbe avere la mia postazione da gaming ?,"La postazione da gaming perfetta deve avere una scrivania adeguata alla mia altezza, una sedia con schienale ergonomico, una cassettiera per ordinare i cavi, un portaoggetti da muro, in oltre e fondamentale avere anche gli accessori come : casse wi-fi Symfonisk, kit dimmer wireless, tendifilo per mouse, un pratico supporto cuffie, tazze antigoccia, cuscini per un miglior confort","Una postazione di gioco dovrebbe avere una disposizione dei posti a sedere comoda ed ergonomica. Può anche fornire molto spazio per il tuo laptop, tablet o altri dispositivi da utilizzare nella stanza, oltre a fornire un'area in cui puoi riporre tutti i tipi di giochi come console per videogiochi, controller, ecc.",LaBSE,declare-lab/flan-alpaca-base,7657,1,1,1
Qual e' la cassettiera adatta alla mia postazione da gaming?,Cassettiera con rotelle della serie UPPSPEL 40x58 cm a Euro119,"La cassettiera va disposta in modo organizzato, con la scrivania e la sedia una di fronte all'altra. È importante tenere tutti i tuoi oggetti a portata di mano in modo che siano facilmente accessibili quando giochi o lavori su qualsiasi attività senza averli sparsi in giro.",LaBSE,declare-lab/flan-alpaca-base,6801,0,1,1
Qual e' la miglior scrivania da gaming?,La migglior scrivania da gaming e' quella della UPPSPEL 180x80 cm a Euro550,"La migliore scrivania da gioco dovrebbe essere regolabile ad un'altezza ottimale per te. È importante che il tavolo abbia un design comodo ed ergonomico, nonché molto spazio per riporre i tuoi oggetti in modo organizzato mentre giochi o altre attività a casa.",LaBSE,declare-lab/flan-alpaca-base,7117,1,1,1
Quali sono gli articoli da gaming?,"La serie UPSPEL e la serie dedicata agli articoli da gaming. comprende : la vetrina, la scrivania da gaming, il supporto per la CPU, il pannello porta oggetti, cassettiera con rotelle, e un piano tavolo","Gli articoli da gioco sono essenziali per un'esperienza di gioco di successo. Possono aiutarti a rimanere concentrato e impegnato, ad aumentare la velocità di gioco fornendo un maggiore controllo sul dispositivo o sul sistema utilizzato per massimizzare le prestazioni in determinate attività come giocare ai videogiochi con amici o familiari.",LaBSE,declare-lab/flan-alpaca-base,6787,0,1,1
Qual e' la vetrinetta adatta ad un ambiente da gaming?,"la UPPSPEL Vetrina 76x56 cm a Euro69,95Prezzo","La vetrina dovrebbe essere in grado di ospitare monitor e altri dispositivi periferici. Può anche fornire spazio di archiviazione aggiuntivo per i giochi, come un disco rigido esterno o unità flash USB.",LaBSE,declare-lab/flan-alpaca-base,5871,1,1,1
Quali sono gli arredamenti essenziali per un ufficio?,"sono la scrivania, la sedia","Gli arredi essenziali per un ufficio sono una scrivania, una sedia e altri mobili. Dovrebbero essere comodi da usare sul posto di lavoro e abbastanza eleganti da potersi adattare comodamente a qualsiasi stanza o spazio di tua scelta.",Pyjay/sentence-transformers-multilingual-snli-v2-500k,declare-lab/flan-alpaca-base,6481,1,1,1
Quali sono le scrivanie in bamboo?,"nella serie ANFALLARE, ci sono i modelli : HILVER, ALEX, ADILS, MITTBACK, OLOV, TILLSLAG, KRILLE che sono scrivanie del materiale bambu'","Le scrivanie in bambù sono un tipo di tavolo in legno realizzato in bambù e con altezza regolabile. Possono essere utilizzati per riporre libri, riviste o altri oggetti della casa così come per mobili da ufficio come sedie, tavoli, lampade ecc.",Pyjay/sentence-transformers-multilingual-snli-v2-500k,declare-lab/flan-alpaca-base,5770,1,1,1
Qual e' la sedia da gaming piu' economica?,la sedia da gaming HUVUDSPELARE,"La sedia da gaming più economica è la sedia da gaming GRUPPPSPEL. Ha un design e caratteristiche impressionanti, ma può essere costoso solo per le sue dimensioni o il suo prezzo.",Pyjay/sentence-transformers-multilingual-snli-v2-500k,declare-lab/flan-alpaca-base,7510,0,0,1
Quali sono le sedie da gaming disponibili a Collegno?,"Sono disponibili a collegno le sedia da gaming: MATCHSPEL,STYRSPEL,GRUPPSPEL, UTESPELARE","Le sedie da gaming disponibili a Collegno sono: - ANFALLARE/ALEX Scrivania, bambù 140x65 cm €170. Disponibile in consegna e sold out a Torino Colegno; - Scrivania HILVER, bambù 140x 65 cm $ 140.",Pyjay/sentence-transformers-multilingual-snli-v2-500k,declare-lab/flan-alpaca-base,6760,0,0,0
Qual e' la sedia da gaming piu' costosa?,La sedia da gaming piu' costosa e' la GRUPPSPEL,"La poltrona Poang è la sedia da gaming più costosa. È dotato di ruote ad alte prestazioni e anti-segno, che si sposterà silenziosamente da una posizione all'altra in diversi contesti grazie al suo basso costo di gestione.",Pyjay/sentence-transformers-multilingual-snli-v2-500k,declare-lab/flan-alpaca-base,9942,0,0,1
Cosa dovrebbe avere la mia postazione da gaming ?,"La postazione da gaming perfetta deve avere una scrivania adeguata alla mia altezza, una sedia con schienale ergonomico, una cassettiera per ordinare i cavi, un portaoggetti da muro, in oltre e fondamentale avere anche gli accessori come : casse wi-fi Symfonisk, kit dimmer wireless, tendifilo per mouse, un pratico supporto cuffie, tazze antigoccia, cuscini per un miglior confort","La postazione di gioco dovrebbe avere una disposizione dei posti a sedere comoda ed ergonomica. Può anche essere dotato di un bracciolo regolabile, che consente un facile accesso alla console di gioco o ad altri accessori di cui potresti aver bisogno durante le sessioni di gioco.",Pyjay/sentence-transformers-multilingual-snli-v2-500k,declare-lab/flan-alpaca-base,8262,0,0,1
Qual e' la cassettiera adatta alla mia postazione da gaming?,Cassettiera con rotelle della serie UPPSPEL 40x58 cm a Euro119,"La cassettiera va disposta in modo organizzato, con la scrivania e la sedia una di fronte all'altra. È importante tenere tutti i tuoi oggetti a portata di mano in modo che siano facilmente accessibili quando giochi o lavori su qualsiasi attività senza averli sparsi in giro.",Pyjay/sentence-transformers-multilingual-snli-v2-500k,declare-lab/flan-alpaca-base,7910,0,1,1
Qual e' la miglior scrivania da gaming?,La migglior scrivania da gaming e' quella della UPPSPEL 180x80 cm a Euro550,"La migliore scrivania da gioco dovrebbe essere regolabile ad un'altezza ottimale per te. È importante che il tavolo abbia un design comodo ed ergonomico, nonché molto spazio per riporre i tuoi oggetti in modo organizzato mentre giochi o altre attività a casa.",Pyjay/sentence-transformers-multilingual-snli-v2-500k,declare-lab/flan-alpaca-base,6446,1,0,1
Quali sono gli articoli da gaming?,"La serie UPSPEL e la serie dedicata agli articoli da gaming. comprende : la vetrina, la scrivania da gaming, il supporto per la CPU, il pannello porta oggetti, cassettiera con rotelle, e un piano tavolo","Gli oggetti di gioco sono un insieme di oggetti fisici che possono essere utilizzati per giocare. In genere includono il controller di gioco, il mouse e le tastiere, nonché altri accessori come cavi o batterie per scopi di gioco.",Pyjay/sentence-transformers-multilingual-snli-v2-500k,declare-lab/flan-alpaca-base,8994,0,1,1
Qual e' la vetrinetta adatta ad un ambiente da gaming?,"la UPPSPEL Vetrina 76x56 cm a Euro69,95Prezzo","La vetrina è adatta per un ambiente di gioco perché può essere utilizzata per riporre e organizzare oggetti, come libri o riviste. Dispone inoltre di ripiani regolabili che ti permettono di accedere facilmente ai tuoi giochi preferiti da qualsiasi dispositivo con il sistema di controllo remoto incluso (es: Xbox 360).",Pyjay/sentence-transformers-multilingual-snli-v2-500k,declare-lab/flan-alpaca-base,6758,0,0,1
